name,detail
Generic Concrete Bike,dolores-repellendus-suscipit
Small Metal Shoes,sequi-quia-soluta
Small Concrete Sausages,quia-voluptatum-aut
Sleek Concrete Chicken,vitae-et-nisi
Fantastic Rubber Computer,enim-illum-dolorum
Rustic Fresh Soap,doloribus-omnis-maiores
Fantastic Granite Sausages,blanditiis-est-quos
Fantastic Metal Bike,rem-ipsam-et
Small Fresh Shoes,magni-voluptatem-sit
Unbranded Soft Computer,voluptatum-molestiae-aspernatur
Small Frozen Fish,architecto-ut-enim
Small Steel Pants,nostrum-officiis-voluptatum
Incredible Fresh Chicken,quis-fuga-corrupti
Handmade Rubber Cheese,ut-omnis-id
Unbranded Fresh Cheese,id-molestiae-impedit
Refined Metal Bike,in-porro-ut
Rustic Concrete Car,accusamus-iste-nam
Gorgeous Rubber Shirt,magnam-et-ea
Incredible Wooden Table,consectetur-nemo-odit
Awesome Concrete Pizza,hic-dolorem-itaque
Rustic Granite Bike,deleniti-quaerat-mollitia
Small Rubber Car,at-quia-qui
Intelligent Soft Bike,doloremque-quo-placeat
Practical Frozen Table,tempore-repellendus-laudantium
Unbranded Cotton Towels,nisi-est-enim
Sleek Soft Chips,cupiditate-qui-quos
Gorgeous Concrete Chair,omnis-rem-culpa
Fantastic Granite Chicken,enim-asperiores-voluptatem
Awesome Fresh Chicken,sint-quae-quis
Small Rubber Chicken,et-nulla-odio
Small Rubber Bike,qui-atque-exercitationem
Small Soft Table,esse-esse-consequatur
Small Frozen Cheese,et-excepturi-velit
Intelligent Soft Chair,ad-nisi-sint
Fantastic Rubber Hat,accusantium-enim-nisi
Tasty Concrete Keyboard,mollitia-laboriosam-voluptatem
Tasty Frozen Hat,praesentium-culpa-sint
Intelligent Fresh Pants,eum-itaque-odit
Refined Rubber Mouse,est-in-sed
Awesome Rubber Chair,quia-voluptate-assumenda
Gorgeous Granite Keyboard,illum-aut-dicta
Tasty Plastic Ball,rem-officia-minus
Gorgeous Metal Chair,qui-commodi-et
Tasty Granite Mouse,itaque-quaerat-magnam
Tasty Metal Mouse,dolores-voluptatem-natus
Sleek Cotton Salad,dolor-quia-totam
Refined Metal Cheese,magni-nostrum-amet
Incredible Frozen Pants,corrupti-et-distinctio
Small Concrete Salad,et-id-necessitatibus
Generic Metal Salad,ex-dolorem-voluptas
Fantastic Steel Pizza,est-a-vel
Incredible Wooden Table,molestiae-incidunt-eligendi
Ergonomic Rubber Fish,sint-expedita-vitae
Incredible Granite Keyboard,sed-enim-non
Sleek Wooden Shirt,commodi-qui-nulla
Handmade Plastic Shoes,sapiente-et-reprehenderit
Practical Frozen Ball,quidem-aspernatur-esse
Practical Concrete Hat,iste-quia-suscipit
Handmade Frozen Computer,ullam-magni-debitis
Intelligent Rubber Salad,odit-earum-quia
Unbranded Rubber Bike,asperiores-consequatur-aliquid
Intelligent Steel Cheese,nulla-accusamus-sed
Rustic Plastic Fish,sunt-blanditiis-iusto
Sleek Concrete Ball,aut-totam-provident
Fantastic Concrete Chips,aut-necessitatibus-facilis
Tasty Soft Pizza,officiis-quas-unde
Licensed Rubber Bacon,quia-repellendus-aut
Sleek Granite Hat,molestiae-delectus-quisquam
Generic Steel Towels,saepe-molestiae-optio
Small Soft Chicken,similique-quod-possimus
Practical Granite Tuna,excepturi-non-deleniti
Sleek Soft Chips,voluptas-aut-quia
Practical Wooden Table,itaque-iure-non
Awesome Fresh Soap,dolor-numquam-commodi
Gorgeous Wooden Keyboard,et-cumque-quo
Sleek Rubber Table,et-explicabo-aut
Handmade Fresh Car,minus-voluptatem-ex
Small Rubber Towels,sint-aperiam-et
Rustic Plastic Bike,eos-vitae-repellendus
Handmade Cotton Shoes,quas-dolor-hic
Licensed Steel Car,sint-sunt-et
Ergonomic Wooden Hat,velit-et-magni
Incredible Plastic Pants,aut-magnam-ut
Ergonomic Wooden Salad,nihil-vero-voluptatem
Gorgeous Granite Chicken,alias-incidunt-dolorem
Practical Fresh Pants,qui-ipsum-est
Intelligent Metal Towels,similique-aut-quidem
Tasty Frozen Sausages,ad-sit-aperiam
Handcrafted Frozen Fish,est-facilis-assumenda
Handmade Concrete Pants,laborum-doloremque-autem
Fantastic Fresh Car,voluptates-ducimus-cum
Handmade Granite Salad,est-id-quos
Unbranded Cotton Chips,veritatis-eos-expedita
Handcrafted Plastic Table,eligendi-odit-sint
Rustic Plastic Sausages,consequatur-ut-nulla
Small Plastic Keyboard,consequatur-consequatur-qui
Small Plastic Gloves,voluptatum-est-alias
Handmade Rubber Computer,dignissimos-et-laborum
Gorgeous Cotton Shirt,enim-quo-cupiditate
Handcrafted Soft Chair,exercitationem-voluptates-sunt
