1,Rustic Cotton Towels,dolor-molestiae-omnis
2,Generic Metal Shoes,voluptas-perspiciatis-rerum
3,Small Soft Shirt,et-ut-nisi
4,Generic Cotton Shoes,perferendis-itaque-sed
5,Handmade Frozen Soap,consequatur-dolorem-sequi
6,Ergonomic Wooden Tuna,repellendus-qui-commodi
7,Rustic Cotton Car,vel-eos-saepe
8,Intelligent Metal Table,quas-illo-nobis
9,Unbranded Soft Mouse,ut-iusto-ipsa
10,Incredible Granite Shirt,vitae-labore-ex
11,Fantastic Concrete Hat,et-deleniti-porro
12,Generic Wooden Soap,et-vel-omnis
13,Sleek Wooden Towels,sit-illum-voluptas
14,Ergonomic Soft Salad,et-magnam-dolorum
15,Ergonomic Metal Shoes,ea-neque-et
16,Fantastic Concrete Car,id-id-cupiditate
17,Licensed Plastic Bike,quia-suscipit-atque
18,Ergonomic Concrete Salad,consequatur-rerum-cum
19,Tasty Concrete Towels,quis-fuga-aliquid
20,Tasty Soft Soap,qui-iusto-officiis
21,Ergonomic Soft Shirt,eligendi-pariatur-qui
22,Rustic Wooden Keyboard,autem-dignissimos-necessitatibus
23,Ergonomic Soft Car,quos-cumque-in
24,Awesome Concrete Pizza,voluptas-at-beatae
25,Gorgeous Soft Shirt,magnam-ut-numquam
26,Generic Metal Gloves,earum-quod-ut
27,Handcrafted Cotton Keyboard,quae-praesentium-ut
28,Tasty Metal Car,non-voluptatem-dolores
29,Practical Wooden Mouse,animi-quidem-quis
30,Incredible Metal Keyboard,voluptas-fugiat-itaque
31,Handcrafted Rubber Fish,qui-similique-sunt
32,Practical Metal Chair,ipsa-nostrum-doloribus
33,Refined Metal Cheese,eum-maxime-aut
34,Awesome Concrete Pizza,incidunt-et-repellendus
35,Sleek Cotton Pants,quos-est-error
36,Gorgeous Wooden Pizza,at-quia-assumenda
37,Sleek Fresh Shoes,blanditiis-consequatur-aut
38,Gorgeous Steel Ball,ea-cumque-corrupti
39,Rustic Wooden Fish,voluptatibus-et-provident
40,Handmade Metal Cheese,sint-voluptas-assumenda
41,Refined Soft Table,dolores-labore-ut
42,Sleek Soft Car,sunt-quaerat-iure
43,Gorgeous Concrete Tuna,placeat-sunt-sit
44,Refined Granite Computer,adipisci-sint-est
45,Practical Steel Towels,aut-quia-architecto
46,Small Cotton Keyboard,eum-nemo-molestiae
47,Fantastic Metal Chicken,veritatis-repellendus-recusandae
48,Incredible Soft Gloves,sit-et-accusantium
49,Gorgeous Metal Bike,soluta-dolor-voluptate
50,Handcrafted Metal Sausages,maiores-exercitationem-eos
51,Fantastic Rubber Cheese,et-ut-sed
52,Sleek Granite Table,aut-maxime-esse
53,Intelligent Frozen Chicken,et-quas-autem
54,Handmade Plastic Chicken,illo-harum-id
55,Rustic Rubber Chips,earum-veritatis-animi
56,Incredible Metal Fish,ipsam-omnis-molestiae
57,Fantastic Frozen Fish,aut-rem-voluptate
58,Generic Granite Chips,sit-molestiae-nihil
59,Refined Metal Keyboard,fuga-ea-odit
60,Handmade Rubber Chicken,maiores-nostrum-ea
61,Rustic Steel Hat,aliquid-fugit-itaque
62,Fantastic Rubber Fish,harum-eveniet-qui
63,Ergonomic Wooden Soap,nihil-eos-fugiat
64,Handmade Metal Pants,veritatis-est-recusandae
65,Licensed Soft Computer,et-dolor-dolores
66,Unbranded Cotton Table,sunt-et-quasi
67,Awesome Soft Fish,et-vitae-et
68,Ergonomic Steel Car,dolore-vero-harum
69,Awesome Granite Towels,libero-est-dolore
70,Refined Metal Soap,vitae-ex-esse
71,Refined Rubber Ball,praesentium-reprehenderit-architecto
72,Ergonomic Wooden Ball,asperiores-aliquid-corrupti
73,Sleek Wooden Chicken,commodi-consectetur-commodi
74,Rustic Rubber Sausages,eaque-omnis-saepe
75,Fantastic Fresh Keyboard,est-ad-facilis
76,Sleek Concrete Chicken,totam-ea-expedita
77,Awesome Metal Shoes,pariatur-et-rerum
78,Tasty Metal Shirt,ducimus-debitis-dicta
79,Awesome Rubber Salad,dolor-et-voluptas
80,Incredible Metal Bacon,et-accusantium-commodi
81,Licensed Granite Tuna,est-et-et
82,Unbranded Rubber Chips,dolorem-expedita-amet
83,Unbranded Metal Shirt,sunt-nihil-deleniti
84,Licensed Soft Sausages,nostrum-rerum-omnis
85,Practical Wooden Bacon,atque-minus-est
86,Gorgeous Rubber Bacon,beatae-quos-unde
87,Tasty Soft Chips,ullam-velit-numquam
88,Handmade Fresh Ball,sed-voluptatem-ut
89,Gorgeous Steel Computer,recusandae-fugit-omnis
90,Refined Cotton Pizza,repudiandae-voluptas-vel
91,Ergonomic Frozen Table,molestiae-odio-dolores
92,Tasty Rubber Soap,veniam-dicta-vitae
93,Unbranded Metal Keyboard,ullam-labore-placeat
94,Tasty Concrete Table,occaecati-dolore-inventore
95,Generic Soft Fish,officiis-nesciunt-dolore
96,Gorgeous Wooden Hat,omnis-dolore-sapiente
97,Practical Steel Chips,expedita-iusto-fugit
98,Intelligent Granite Computer,cumque-corporis-temporibus
99,Licensed Rubber Gloves,explicabo-voluptates-velit
100,Generic Fresh Car,provident-ut-doloremque
